-- MySQL dump 10.13  Distrib 8.0.30, for Linux (x86_64)
--
-- Host: localhost    Database: ssafy_web_db
-- ------------------------------------------------------
-- Server version	8.0.30

/*!40101 SET @OLD_CHARACTER_SET_CLIENT=@@CHARACTER_SET_CLIENT */;
/*!40101 SET @OLD_CHARACTER_SET_RESULTS=@@CHARACTER_SET_RESULTS */;
/*!40101 SET @OLD_COLLATION_CONNECTION=@@COLLATION_CONNECTION */;
/*!50503 SET NAMES utf8mb4 */;
/*!40103 SET @OLD_TIME_ZONE=@@TIME_ZONE */;
/*!40103 SET TIME_ZONE='+00:00' */;
/*!40014 SET @OLD_UNIQUE_CHECKS=@@UNIQUE_CHECKS, UNIQUE_CHECKS=0 */;
/*!40014 SET @OLD_FOREIGN_KEY_CHECKS=@@FOREIGN_KEY_CHECKS, FOREIGN_KEY_CHECKS=0 */;
/*!40101 SET @OLD_SQL_MODE=@@SQL_MODE, SQL_MODE='NO_AUTO_VALUE_ON_ZERO' */;
/*!40111 SET @OLD_SQL_NOTES=@@SQL_NOTES, SQL_NOTES=0 */;

--
-- Table structure for table `conference_history`
--

DROP TABLE IF EXISTS `conference_history`;
/*!40101 SET @saved_cs_client     = @@character_set_client */;
/*!50503 SET character_set_client = utf8mb4 */;
CREATE TABLE `conference_history` (
  `chid` bigint NOT NULL AUTO_INCREMENT,
  `act_type` int NOT NULL,
  `history_create_time` datetime(6) NOT NULL,
  `cid` bigint DEFAULT NULL,
  `uid` bigint DEFAULT NULL,
  PRIMARY KEY (`chid`),
  KEY `FKr6l5nbnwdsn6b6cw9w6xot163` (`cid`),
  KEY `FKpbec1fehjnrajw1vfsejicmlk` (`uid`),
  CONSTRAINT `FKpbec1fehjnrajw1vfsejicmlk` FOREIGN KEY (`uid`) REFERENCES `users` (`uid`),
  CONSTRAINT `FKr6l5nbnwdsn6b6cw9w6xot163` FOREIGN KEY (`cid`) REFERENCES `conferences` (`cid`)
) ENGINE=InnoDB DEFAULT CHARSET=utf8mb4 COLLATE=utf8mb4_0900_ai_ci;
/*!40101 SET character_set_client = @saved_cs_client */;

--
-- Dumping data for table `conference_history`
--

LOCK TABLES `conference_history` WRITE;
/*!40000 ALTER TABLE `conference_history` DISABLE KEYS */;
/*!40000 ALTER TABLE `conference_history` ENABLE KEYS */;
UNLOCK TABLES;

--
-- Table structure for table `conferences`
--

DROP TABLE IF EXISTS `conferences`;
/*!40101 SET @saved_cs_client     = @@character_set_client */;
/*!50503 SET character_set_client = utf8mb4 */;
CREATE TABLE `conferences` (
  `cid` bigint NOT NULL AUTO_INCREMENT,
  `activation` tinyint(1) NOT NULL DEFAULT '1',
  `conf_end_time` datetime(6) DEFAULT NULL,
  `conf_start_time` datetime(6) DEFAULT NULL,
  `session_name` varchar(255) NOT NULL,
  `unique_session_name` varchar(255) DEFAULT NULL,
  `pid` bigint DEFAULT NULL,
  PRIMARY KEY (`cid`),
  KEY `FKqf1qxfqisdclpcafsjt0xo16x` (`pid`),
  CONSTRAINT `FKqf1qxfqisdclpcafsjt0xo16x` FOREIGN KEY (`pid`) REFERENCES `projects` (`pid`)
) ENGINE=InnoDB AUTO_INCREMENT=353 DEFAULT CHARSET=utf8mb4 COLLATE=utf8mb4_0900_ai_ci;
/*!40101 SET character_set_client = @saved_cs_client */;

--
-- Dumping data for table `conferences`
--

LOCK TABLES `conferences` WRITE;
/*!40000 ALTER TABLE `conferences` DISABLE KEYS */;
INSERT INTO `conferences` VALUES (1,0,'2022-08-14 15:12:23.450000','2022-08-14 15:10:54.412000','ses_WcSCD6ilQS','ses_WcSCD6ilQS_1660392654412',1),(2,0,'2022-08-14 18:26:45.295000','2022-08-14 18:26:25.453000','ses_D644z0CZKd','ses_D644z0CZKd_1660404385453',1),(5,0,'2022-08-14 18:49:07.248000','2022-08-14 18:48:31.857000','ses_SIZLGD3anO','ses_SIZLGD3anO_1660405711857',3),(6,0,'2022-08-14 19:03:41.912000','2022-08-14 18:49:46.169000','ses_GYfCLFKkIb','ses_GYfCLFKkIb_1660405786169',1),(7,0,'2022-08-14 18:50:34.640000','2022-08-14 18:50:07.733000','ses_Tr1w8G6Wxf','ses_Tr1w8G6Wxf_1660405807733',3),(8,0,'2022-08-14 18:54:13.327000','2022-08-14 18:51:06.611000','ses_KYa1dCsuWq','ses_KYa1dCsuWq_1660405866611',3),(9,0,'2022-08-14 19:03:52.736000','2022-08-14 19:03:42.950000','ses_DJih1ZWbtf','ses_DJih1ZWbtf_1660406622950',1),(10,0,'2022-08-14 19:05:31.423000','2022-08-14 19:04:01.230000','ses_QFL9UDySqL','ses_QFL9UDySqL_1660406641230',3),(13,0,'2022-08-14 19:09:01.186000','2022-08-14 19:06:01.847000','ses_VzOIH4cir5','ses_VzOIH4cir5_1660406761847',3),(16,0,'2022-08-14 19:27:27.579000','2022-08-14 19:27:17.756000','ses_DcEqY0whGW','ses_DcEqY0whGW_1660408037756',1),(18,0,'2022-08-14 19:37:30.321000','2022-08-14 19:30:30.426000','ses_HSwbLydwNg','ses_HSwbLydwNg_1660408230426',3),(19,0,'2022-08-14 19:55:16.658000','2022-08-14 19:54:48.040000','ses_XWqYuZpvrF','ses_XWqYuZpvrF_1660409688040',3),(20,0,'2022-08-14 19:56:51.283000','2022-08-14 19:55:24.480000','ses_ReeKKbq5QU','ses_ReeKKbq5QU_1660409724480',3),(21,0,'2022-08-14 13:19:13.030000','2022-08-14 13:19:02.536000','ses_HIjCDfum5a','ses_HIjCDfum5a_1660418342536',3),(22,0,'2022-08-14 13:21:51.397000','2022-08-14 13:19:27.285000','ses_HRvIf6qAuV','ses_HRvIf6qAuV_1660418367285',3),(23,0,'2022-08-14 22:43:35.358000','2022-08-14 22:43:03.274000','ses_KZ9pKiFknB','ses_KZ9pKiFknB_1660419783274',3),(24,0,'2022-08-14 22:45:42.019000','2022-08-14 22:45:38.379000','ses_FKVKCP7LYa','ses_FKVKCP7LYa_1660419938379',3),(25,0,'2022-08-14 22:46:29.044000','2022-08-14 22:45:57.278000','ses_ZvcEofYxjs','ses_ZvcEofYxjs_1660419957278',3),(26,0,'2022-08-15 04:59:34.141000','2022-08-15 04:59:26.682000','ses_P3BGnrhCmt','ses_P3BGnrhCmt_1660442366682',1),(27,0,'2022-08-15 12:32:09.740000','2022-08-15 12:18:59.810000','ses_Loa6ejUoND','ses_Loa6ejUoND_1660468739810',3),(28,0,'2022-08-15 13:25:18.026000','2022-08-15 13:25:14.021000','ses_LGtdMg0xc3','ses_LGtdMg0xc3_1660472714021',3),(29,0,'2022-08-15 14:45:53.641000','2022-08-15 14:45:49.294000','ses_Gep3veXdH0','ses_Gep3veXdH0_1660477549294',3),(30,0,'2022-08-15 15:48:41.391000','2022-08-15 15:46:36.489000','ses_SvJBEl9FvG','ses_SvJBEl9FvG_1660481196489',3),(32,0,'2022-08-15 15:52:44.829000','2022-08-15 15:49:34.175000','ses_H9PAVJdJ1o','ses_H9PAVJdJ1o_1660481374175',4),(34,0,'2022-08-15 17:09:59.187000','2022-08-15 17:09:26.085000','ses_WeCs4vPEzr','ses_WeCs4vPEzr_1660486166085',3),(35,0,'2022-08-15 19:04:14.049000','2022-08-15 19:04:14.049000','ses_Z7m6birl6c','ses_Z7m6birl6c_1660493054049',4),(36,0,'2022-08-15 20:41:40.604000','2022-08-15 19:24:49.921000','ses_RpqueLCrtb','ses_RpqueLCrtb_1660494289921',6),(37,0,'2022-08-15 19:39:17.986000','2022-08-15 19:39:12.370000','ses_Tamw7BvlgI','ses_Tamw7BvlgI_1660495152370',4),(41,0,NULL,NULL,'ses_MgWq24h2G3',NULL,4),(42,0,NULL,NULL,'ses_IdcgbGJk1j',NULL,6),(43,0,NULL,NULL,'ses_NF9tEZHPhr',NULL,6),(45,0,NULL,NULL,'ses_Y3srKg9KVV',NULL,6),(46,0,NULL,NULL,'ses_NfFtrplG6E',NULL,6),(47,0,NULL,NULL,'ses_KyGBY6ypIu',NULL,6),(48,0,NULL,NULL,'ses_G2tyfUHHTL',NULL,7),(49,0,NULL,NULL,'ses_L1p8J2i6LF',NULL,6),(50,0,NULL,NULL,'ses_NwQiFIGPDI',NULL,6),(51,0,NULL,NULL,'ses_X2yntsA7Fw',NULL,4),(52,0,NULL,NULL,'ses_PHS7Z4MFv1',NULL,4),(54,0,NULL,NULL,'ses_CJRyOweyJi',NULL,4),(56,0,NULL,NULL,'ses_K2sUdMdyrn',NULL,6),(57,0,'2022-08-16 11:57:04.977000','2022-08-16 11:56:50.141000','ses_E6DeyF8mqx','ses_E6DeyF8mqx_1660553810141',4),(60,0,'2022-08-16 12:29:37.894000','2022-08-16 12:29:23.115000','ses_Z3uMoX0CPC','ses_Z3uMoX0CPC_1660555763115',4),(61,0,'2022-08-16 14:32:54.702000','2022-08-16 14:22:46.165000','ses_OUPUxGKh2r','ses_OUPUxGKh2r_1660562566165',4),(62,0,'2022-08-16 14:35:31.392000','2022-08-16 14:35:22.785000','ses_FqWGRWdQxl','ses_FqWGRWdQxl_1660563322785',4),(63,0,'2022-08-16 15:11:13.679000','2022-08-16 15:04:40.460000','ses_R19iTPYgUC','ses_R19iTPYgUC_1660565080460',4),(64,0,'2022-08-16 15:49:02.509000','2022-08-16 15:48:56.621000','ses_HxFbA4GSoL','ses_HxFbA4GSoL_1660567736621',4),(65,0,'2022-08-16 16:04:51.075000','2022-08-16 15:52:42.392000','ses_GkJnFJFaSb','ses_GkJnFJFaSb_1660567962392',12),(66,0,'2022-08-16 15:55:49.401000','2022-08-16 15:55:44.854000','ses_ELXYQYqLv1','ses_ELXYQYqLv1_1660568144854',12),(67,0,'2022-08-16 15:56:05.291000','2022-08-16 15:56:01.677000','ses_GLu0XcxweY','ses_GLu0XcxweY_1660568161677',6),(68,0,'2022-08-16 16:52:37.580000','2022-08-16 15:56:03.085000','ses_OEmxpMLrYO','ses_OEmxpMLrYO_1660568163085',12),(69,0,'2022-08-16 15:56:09.000000','2022-08-16 15:56:06.561000','ses_PsiaTHH36O','ses_PsiaTHH36O_1660568166561',6),(70,0,'2022-08-16 15:59:28.797000','2022-08-16 15:59:24.253000','ses_HxYsn3mQuF','ses_HxYsn3mQuF_1660568364253',4),(71,0,'2022-08-16 16:51:50.090000','2022-08-16 16:51:38.890000','ses_JOmGGohDU8','ses_JOmGGohDU8_1660571498890',12),(72,0,'2022-08-16 16:51:57.987000','2022-08-16 16:51:51.898000','ses_YLr6XDnYJp','ses_YLr6XDnYJp_1660571511898',12),(73,0,'2022-08-16 17:08:49.099000','2022-08-16 16:51:59.101000','ses_RiWkTmNKcZ','ses_RiWkTmNKcZ_1660571519101',12),(74,0,'2022-08-16 17:15:33.360000','2022-08-16 17:08:49.686000','ses_XmrzVlADO7','ses_XmrzVlADO7_1660572529686',12),(75,0,'2022-08-16 17:13:58.498000','2022-08-16 17:13:53.065000','ses_WG1RXZfsq9','ses_WG1RXZfsq9_1660572833065',12),(76,0,'2022-08-16 17:14:31.636000','2022-08-16 17:14:16.621000','ses_E1HtMBL4wr','ses_E1HtMBL4wr_1660572856621',12),(77,0,'2022-08-16 17:16:59.474000','2022-08-16 17:15:23.395000','ses_RCE7HxiL4J','ses_RCE7HxiL4J_1660572923395',12),(78,0,'2022-08-16 17:21:22.744000','2022-08-16 17:17:00.395000','ses_M6mCu2vRaG','ses_M6mCu2vRaG_1660573020395',12),(79,0,'2022-08-16 17:21:25.598000','2022-08-16 17:21:25.598000','ses_NTf8L8esvk','ses_NTf8L8esvk_1660573285598',12),(80,0,'2022-08-16 17:21:58.575000','2022-08-16 17:21:49.869000','ses_SYGQuFtoJU','ses_SYGQuFtoJU_1660573309869',12),(81,0,'2022-08-16 17:22:31.999000','2022-08-16 17:21:59.715000','ses_Lbmh3WUCt7','ses_Lbmh3WUCt7_1660573319715',12),(82,0,'2022-08-16 19:16:33.569000','2022-08-16 19:12:51.695000','ses_Dn9YUPyVXn','ses_Dn9YUPyVXn_1660579971695',12),(83,0,'2022-08-16 19:18:43.268000','2022-08-16 19:16:39.029000','ses_ETax5hEXMP','ses_ETax5hEXMP_1660580199029',12),(84,0,'2022-08-16 19:19:42.113000','2022-08-16 19:19:31.861000','ses_S1q8DyGB7j','ses_S1q8DyGB7j_1660580371861',12),(85,0,'2022-08-16 19:23:02.696000','2022-08-16 19:22:57.848000','ses_XVFhmsFMVu','ses_XVFhmsFMVu_1660580577848',7),(86,0,'2022-08-16 19:23:14.117000','2022-08-16 19:23:11.429000','ses_BLUSNGzcXo','ses_BLUSNGzcXo_1660580591429',7),(87,0,'2022-08-16 19:26:03.776000','2022-08-16 19:25:43.332000','ses_Xr8L9qogbt','ses_Xr8L9qogbt_1660580743332',12),(88,0,'2022-08-16 19:46:29.980000','2022-08-16 19:46:02.065000','ses_J9d9lRY5Z0','ses_J9d9lRY5Z0_1660581962065',4),(89,0,'2022-08-16 19:46:57.188000','2022-08-16 19:46:22.551000','ses_Cn7sbgFC59','ses_Cn7sbgFC59_1660581982551',12),(90,0,'2022-08-16 20:44:17.714000','2022-08-16 20:44:09.976000','ses_F3ovIQb1uJ','ses_F3ovIQb1uJ_1660585449976',12),(91,0,'2022-08-16 20:46:18.718000','2022-08-16 20:45:57.660000','ses_EWWnb1Igaq','ses_EWWnb1Igaq_1660585557660',12),(92,0,'2022-08-16 20:57:57.799000','2022-08-16 20:57:51.267000','ses_XA7oxDI8bx','ses_XA7oxDI8bx_1660586271267',12),(93,0,'2022-08-16 21:19:50.408000','2022-08-16 20:58:04.327000','ses_IdWa1yfoY4','ses_IdWa1yfoY4_1660586284327',12),(94,0,'2022-08-17 04:40:48.218000','2022-08-17 04:40:23.883000','ses_I06bsZutcz','ses_I06bsZutcz_1660614023883',12),(95,0,'2022-08-17 05:15:25.431000','2022-08-17 05:14:53.595000','ses_MbLAfcSSAC','ses_MbLAfcSSAC_1660616093595',20),(96,0,'2022-08-17 05:17:28.480000','2022-08-17 05:16:15.154000','ses_KHLOuCv1V4','ses_KHLOuCv1V4_1660616175154',7),(97,0,'2022-08-17 08:24:59.924000','2022-08-17 08:20:13.133000','ses_PyvcZq6JkI','ses_PyvcZq6JkI_1660627213133',12),(98,0,'2022-08-17 08:23:34.664000','2022-08-17 08:23:19.469000','ses_Pc18oWyv3F','ses_Pc18oWyv3F_1660627399469',12),(99,0,'2022-08-17 08:24:00.722000','2022-08-17 08:23:48.211000','ses_U95PCAuF8h','ses_U95PCAuF8h_1660627428211',12),(100,0,'2022-08-17 08:36:41.051000','2022-08-17 08:24:15.254000','ses_TQJSO3uGBN','ses_TQJSO3uGBN_1660627455254',12),(101,0,'2022-08-17 08:44:11.120000','2022-08-17 08:42:03.896000','ses_A6E7sZ071y','ses_A6E7sZ071y_1660628523896',21),(102,0,'2022-08-17 09:21:15.479000','2022-08-17 08:44:20.962000','ses_FfyDhmhAnA','ses_FfyDhmhAnA_1660628660962',21),(103,0,'2022-08-17 08:51:50.198000','2022-08-17 08:51:18.050000','ses_FhQEOXzvRq','ses_FhQEOXzvRq_1660629078050',12),(104,0,'2022-08-17 09:07:31.552000','2022-08-17 09:07:25.370000','ses_LDckefFJQZ','ses_LDckefFJQZ_1660630045370',12),(105,0,'2022-08-17 09:07:37.486000','2022-08-17 09:07:36.257000','ses_Yf0BOIEMYr','ses_Yf0BOIEMYr_1660630056257',12),(106,0,'2022-08-17 09:07:39.835000','2022-08-17 09:07:39.191000','ses_LxHRVnB8Sd','ses_LxHRVnB8Sd_1660630059191',12),(107,0,'2022-08-17 09:07:40.958000','2022-08-17 09:07:40.499000','ses_OUUGFsKKTk','ses_OUUGFsKKTk_1660630060499',12),(108,0,'2022-08-17 09:07:41.966000','2022-08-17 09:07:41.511000','ses_Oawc3ePnw0','ses_Oawc3ePnw0_1660630061511',12),(109,0,'2022-08-17 09:51:28.002000','2022-08-17 09:21:34.309000','ses_XOnMpEwnUV','ses_XOnMpEwnUV_1660630894309',21),(110,0,'2022-08-17 09:31:51.247000','2022-08-17 09:25:04.769000','ses_DkMpnuNlBL','ses_DkMpnuNlBL_1660631104769',12),(111,0,'2022-08-17 09:57:32.761000','2022-08-17 09:57:01.431000','ses_HfO7cAL8vX','ses_HfO7cAL8vX_1660633021431',12),(112,0,'2022-08-17 09:59:01.829000','2022-08-17 09:58:05.320000','ses_QP8SJzvq6x','ses_QP8SJzvq6x_1660633085320',12),(113,0,'2022-08-17 11:24:22.742000','2022-08-17 11:24:04.859000','ses_MY6HIS5oLP','ses_MY6HIS5oLP_1660638244859',7),(114,0,'2022-08-17 11:40:21.468000','2022-08-17 11:39:54.225000','ses_T7JxGBDe1T','ses_T7JxGBDe1T_1660639194225',12),(115,0,'2022-08-17 13:07:11.889000','2022-08-17 13:07:00.351000','ses_MPLWqjT3q6','ses_MPLWqjT3q6_1660644420351',21),(116,0,'2022-08-17 13:55:59.882000','2022-08-17 13:55:25.546000','ses_L8trGfO7uV','ses_L8trGfO7uV_1660647325546',12),(117,0,'2022-08-17 14:07:52.308000','2022-08-17 14:07:41.401000','ses_OXqOLmEovn','ses_OXqOLmEovn_1660648061401',12),(118,0,'2022-08-17 14:08:05.797000','2022-08-17 14:07:56.455000','ses_XVBdiDvvF6','ses_XVBdiDvvF6_1660648076455',12),(119,0,'2022-08-17 14:09:52.358000','2022-08-17 14:09:08.458000','ses_XaH6OOSoZ0','ses_XaH6OOSoZ0_1660648148458',12),(120,0,'2022-08-17 16:12:38.963000','2022-08-17 16:12:30.981000','ses_GNIlJ571xU','ses_GNIlJ571xU_1660655550981',12),(121,0,'2022-08-17 16:12:41.735000','2022-08-17 16:12:41.735000','ses_HKOVf2kYOA','ses_HKOVf2kYOA_1660655561735',12),(122,0,'2022-08-17 16:13:19.440000','2022-08-17 16:13:15.788000','ses_VaYnHauYRC','ses_VaYnHauYRC_1660655595788',12),(123,0,'2022-08-17 16:13:28.770000','2022-08-17 16:13:24.697000','ses_Ae4DvGFQAG','ses_Ae4DvGFQAG_1660655604697',12),(124,0,'2022-08-17 16:14:47.704000','2022-08-17 16:13:38.027000','ses_Sp0VscziZR','ses_Sp0VscziZR_1660655618027',12),(125,0,'2022-08-17 16:16:47.279000','2022-08-17 16:14:51.298000','ses_O4lyMLUTp2','ses_O4lyMLUTp2_1660655691298',12),(126,0,'2022-08-17 16:18:04.964000','2022-08-17 16:16:48.606000','ses_YUFkIUFZW2','ses_YUFkIUFZW2_1660655808606',12),(127,0,'2022-08-17 16:18:14.643000','2022-08-17 16:18:07.723000','ses_JNMzNH69hs','ses_JNMzNH69hs_1660655887723',12),(128,0,'2022-08-17 16:18:20.490000','2022-08-17 16:18:17.681000','ses_OisdiG6fi9','ses_OisdiG6fi9_1660655897681',12),(129,0,'2022-08-17 16:19:17.065000','2022-08-17 16:18:58.007000','ses_MiaeKDcMRX','ses_MiaeKDcMRX_1660655938007',12),(130,0,'2022-08-17 16:29:11.380000','2022-08-17 16:28:26.614000','ses_AKOfxFzjRo','ses_AKOfxFzjRo_1660656506614',12),(131,0,'2022-08-17 16:29:29.705000','2022-08-17 16:29:20.662000','ses_XTK2IJdsk8','ses_XTK2IJdsk8_1660656560662',12),(132,0,'2022-08-17 16:57:47.057000','2022-08-17 16:56:19.732000','ses_ZMfCbCU0hC','ses_ZMfCbCU0hC_1660658179732',12),(133,0,'2022-08-17 17:04:31.206000','2022-08-17 17:02:44.592000','ses_P1q5TpgHom','ses_P1q5TpgHom_1660658564592',12),(134,0,'2022-08-17 17:05:13.561000','2022-08-17 17:04:32.563000','ses_GuPZ0vKKcz','ses_GuPZ0vKKcz_1660658672563',12),(135,0,'2022-08-17 17:12:30.883000','2022-08-17 17:05:48.292000','ses_Hw1NJThd23','ses_Hw1NJThd23_1660658748292',12),(136,0,'2022-08-17 17:26:59.917000','2022-08-17 17:17:02.765000','ses_Q93VZU4WB3','ses_Q93VZU4WB3_1660659422765',12),(137,0,'2022-08-17 17:40:26.469000','2022-08-17 17:27:01.191000','ses_Fu8aFRr3qp','ses_Fu8aFRr3qp_1660660021191',12),(138,0,'2022-08-17 17:42:21.728000','2022-08-17 17:40:33.058000','ses_IbSjPlTVZX','ses_IbSjPlTVZX_1660660833058',12),(139,0,'2022-08-17 17:42:33.109000','2022-08-17 17:42:22.911000','ses_Lz1O6XwVbc','ses_Lz1O6XwVbc_1660660942911',12),(140,0,'2022-08-17 19:18:12.679000','2022-08-17 18:25:53.152000','ses_KJCvdOC2FN','ses_KJCvdOC2FN_1660663553152',12),(141,0,'2022-08-17 18:50:06.257000','2022-08-17 18:49:38.906000','ses_IlZnyllWSq','ses_IlZnyllWSq_1660664978906',26),(142,0,'2022-08-17 19:18:42.830000','2022-08-17 19:18:08.774000','ses_VrhtJU7pT7','ses_VrhtJU7pT7_1660666688774',12),(143,0,'2022-08-17 19:18:57.618000','2022-08-17 19:18:47.602000','ses_WiYDkXK6hg','ses_WiYDkXK6hg_1660666727602',12),(144,0,'2022-08-17 19:19:25.974000','2022-08-17 19:19:25.974000','ses_WuWqxn8cau','ses_WuWqxn8cau_1660666765974',12),(145,0,'2022-08-17 19:24:51.560000','2022-08-17 19:24:32.171000','ses_CCxCp4BQoZ','ses_CCxCp4BQoZ_1660667072171',12),(146,0,'2022-08-17 19:25:33.666000','2022-08-17 19:25:06.882000','ses_MkoP21e1ke','ses_MkoP21e1ke_1660667106882',12),(147,0,'2022-08-17 20:10:38.434000','2022-08-17 19:25:34.650000','ses_Q1BUnScYj1','ses_Q1BUnScYj1_1660667134650',12),(148,0,'2022-08-17 20:16:30.074000','2022-08-17 20:15:40.262000','ses_HhFYn4PkTk','ses_HhFYn4PkTk_1660670140262',12),(149,0,'2022-08-18 04:14:46.106000','2022-08-18 04:05:49.026000','ses_MuVF2Vx5lk','ses_MuVF2Vx5lk_1660698349026',12),(150,0,'2022-08-18 04:12:58.319000','2022-08-18 04:08:24.763000','ses_CAS1dFCgYO','ses_CAS1dFCgYO_1660698504763',7),(151,0,'2022-08-18 05:33:12.888000','2022-08-18 04:13:13.254000','ses_Ej9eD0lwJF','ses_Ej9eD0lwJF_1660698793254',7),(152,0,'2022-08-18 04:40:09.512000','2022-08-18 04:15:31.983000','ses_CHAibytW1z','ses_CHAibytW1z_1660698931983',12),(153,0,'2022-08-18 04:57:11.510000','2022-08-18 04:40:48.634000','ses_UiAatb22D0','ses_UiAatb22D0_1660700448634',12),(158,0,'2022-08-18 05:10:10.725000','2022-08-18 04:57:13.014000','ses_Ri99CYWrhn','ses_Ri99CYWrhn_1660701433014',12),(159,0,'2022-08-18 05:33:25.023000','2022-08-18 05:32:02.636000','ses_Qkbq415jSy','ses_Qkbq415jSy_1660703522636',12),(160,0,'2022-08-18 05:33:12.898000','2022-08-18 05:33:06.639000','ses_M3N7NtgihM','ses_M3N7NtgihM_1660703586639',7),(161,0,'2022-08-18 05:34:53.372000','2022-08-18 05:33:16.821000','ses_LArgmRHEOG','ses_LArgmRHEOG_1660703596821',7),(163,0,'2022-08-18 08:07:06.539000','2022-08-18 05:36:13.806000','ses_Xsku1ZLl1q','ses_Xsku1ZLl1q_1660703773806',12),(164,0,'2022-08-18 05:55:53.543000','2022-08-18 05:53:28.996000','ses_LohzKe6ydH','ses_LohzKe6ydH_1660704808996',4),(166,0,'2022-08-18 08:10:40.631000','2022-08-18 08:10:40.631000','ses_EPZAB8IwHx','ses_EPZAB8IwHx_1660713040631',12),(168,0,'2022-08-18 08:40:04.655000','2022-08-18 08:38:43.771000','ses_Ed8fX9vBZg','ses_Ed8fX9vBZg_1660714723771',28),(169,0,'2022-08-18 09:02:42.785000','2022-08-18 09:02:27.882000','ses_WxZ6oBaQnt','ses_WxZ6oBaQnt_1660716147882',12),(170,0,'2022-08-18 10:18:20.736000','2022-08-18 09:06:32.385000','ses_VvajHSySVn','ses_VvajHSySVn_1660716392385',12),(172,0,'2022-08-18 09:44:17.617000','2022-08-18 09:18:03.215000','ses_LaRGP23RD8','ses_LaRGP23RD8_1660717083215',12),(176,0,'2022-08-18 09:49:55.825000','2022-08-18 09:45:19.472000','ses_XEhGEZn9aS','ses_XEhGEZn9aS_1660718719472',12),(177,0,'2022-08-18 09:46:55.929000','2022-08-18 09:46:47.358000','ses_NdXdPzwBKd','ses_NdXdPzwBKd_1660718807358',28),(178,0,'2022-08-18 09:50:50.108000','2022-08-18 09:50:02.084000','ses_EhT4dEwqhA','ses_EhT4dEwqhA_1660719002084',12),(179,0,'2022-08-18 09:53:29.050000','2022-08-18 09:51:19.059000','ses_ApMcHz5rxQ','ses_ApMcHz5rxQ_1660719079059',12),(181,0,'2022-08-18 10:20:38.137000','2022-08-18 10:19:34.335000','ses_Ovt1ToRGYB','ses_Ovt1ToRGYB_1660720774335',12),(182,0,'2022-08-18 10:24:07.297000','2022-08-18 10:23:39.673000','ses_AxlpogX5Sr','ses_AxlpogX5Sr_1660721019673',12),(184,0,'2022-08-18 10:24:20.665000','2022-08-18 10:24:08.684000','ses_G1jQM659sk','ses_G1jQM659sk_1660721048684',12),(185,0,'2022-08-18 10:24:54.818000','2022-08-18 10:24:33.366000','ses_HMonKhGNar','ses_HMonKhGNar_1660721073366',12),(186,0,'2022-08-18 12:10:36.704000','2022-08-18 10:25:02.795000','ses_O4q9IaaTEf','ses_O4q9IaaTEf_1660721102795',12),(192,0,'2022-08-18 12:39:11.494000','2022-08-18 12:37:17.576000','ses_Z8tmxJWku0','ses_Z8tmxJWku0_1660729037576',12),(193,0,'2022-08-18 13:21:20.266000','2022-08-18 13:20:09.527000','ses_Wd2fdIn2Vu','ses_Wd2fdIn2Vu_1660731609527',12),(194,0,'2022-08-18 13:40:26.445000','2022-08-18 13:39:16.784000','ses_EE85Fqthwv','ses_EE85Fqthwv_1660732756784',12),(195,0,'2022-08-18 13:49:50.291000','2022-08-18 13:49:30.938000','ses_IzaXM18Hbz','ses_IzaXM18Hbz_1660733370938',12),(196,0,'2022-08-18 13:52:10.613000','2022-08-18 13:52:02.492000','ses_JIAgMCGGVD','ses_JIAgMCGGVD_1660733522492',12),(197,0,'2022-08-18 13:52:24.463000','2022-08-18 13:52:17.786000','ses_BD2KZLDSYl','ses_BD2KZLDSYl_1660733537786',12),(198,0,'2022-08-18 13:53:41.371000','2022-08-18 13:52:28.909000','ses_HM33dC6y9a','ses_HM33dC6y9a_1660733548909',12),(199,0,'2022-08-18 13:54:16.410000','2022-08-18 13:53:51.454000','ses_IzE4NTtAQA','ses_IzE4NTtAQA_1660733631454',12),(200,0,'2022-08-18 13:54:21.918000','2022-08-18 13:54:17.862000','ses_LYe2p8gZW8','ses_LYe2p8gZW8_1660733657862',12),(201,0,'2022-08-18 14:00:33.180000','2022-08-18 13:54:37.316000','ses_I82OwUarGh','ses_I82OwUarGh_1660733677316',12),(202,0,'2022-08-18 14:19:12.879000','2022-08-18 14:01:36.052000','ses_Ql23mRPcdC','ses_Ql23mRPcdC_1660734096052',12),(203,0,'2022-08-18 17:00:15.689000','2022-08-18 14:56:30.700000','ses_Esv6JjOSW3','ses_Esv6JjOSW3_1660737390700',30),(207,0,'2022-08-18 16:26:36.763000','2022-08-18 16:25:58.422000','ses_O8F626LvsP','ses_O8F626LvsP_1660742758422',31),(214,0,'2022-08-18 18:03:06.224000','2022-08-18 17:10:39.241000','ses_S9jw6WCSxp','ses_S9jw6WCSxp_1660745439241',33),(223,0,'2022-08-18 18:08:48.457000','2022-08-18 18:08:43.058000','ses_WoUNg76Aqe','ses_WoUNg76Aqe_1660748923058',12),(230,0,'2022-08-18 18:58:10.627000','2022-08-18 18:57:12.964000','ses_H9DnmzmFZf','ses_H9DnmzmFZf_1660751832964',7),(231,0,'2022-08-18 19:03:05.901000','2022-08-18 18:59:50.332000','ses_Xsh13lLWGM','ses_Xsh13lLWGM_1660751990332',7),(235,0,'2022-08-18 21:48:17.838000','2022-08-18 19:58:34.606000','ses_O6fg9NHWqL','ses_O6fg9NHWqL_1660755514606',33),(236,0,'2022-08-18 21:54:15.556000','2022-08-18 21:49:49.563000','ses_TbXPUBg6aU','ses_TbXPUBg6aU_1660762189563',33),(239,0,'2022-08-19 03:07:29.957000','2022-08-19 03:06:50.815000','ses_Q5PhjTNHyd','ses_Q5PhjTNHyd_1660781210815',31),(240,0,'2022-08-19 04:23:08.048000','2022-08-19 03:20:25.425000','ses_QV82HR3JFR','ses_QV82HR3JFR_1660782025425',33),(241,0,'2022-08-19 03:22:48.469000','2022-08-19 03:21:59.050000','ses_MTJHjwOLwL','ses_MTJHjwOLwL_1660782119050',34),(242,0,'2022-08-19 03:43:56.679000','2022-08-19 03:24:30.595000','ses_Z41bAndpwL','ses_Z41bAndpwL_1660782270595',34),(243,0,'2022-08-19 03:44:17.094000','2022-08-19 03:43:55.580000','ses_V8Bt1nWmga','ses_V8Bt1nWmga_1660783435580',30),(245,0,'2022-08-19 03:44:45.189000','2022-08-19 03:44:23.781000','ses_UoMWnG7uwG','ses_UoMWnG7uwG_1660783463781',30),(246,0,'2022-08-19 03:49:32.821000','2022-08-19 03:49:08.739000','ses_IAJoXVLE0W','ses_IAJoXVLE0W_1660783748739',34),(247,0,'2022-08-19 03:50:13.710000','2022-08-19 03:49:35.710000','ses_MyIUdTSppJ','ses_MyIUdTSppJ_1660783775710',34),(248,0,'2022-08-19 03:50:07.113000','2022-08-19 03:49:52.211000','ses_Wp21hJlTuC','ses_Wp21hJlTuC_1660783792211',12),(253,0,'2022-08-19 04:16:04.042000','2022-08-19 04:14:53.510000','ses_VUB2DUMpg4','ses_VUB2DUMpg4_1660785293510',34),(255,0,'2022-08-19 04:26:11.815000','2022-08-19 04:25:18.912000','ses_GRrnwP7tac','ses_GRrnwP7tac_1660785918912',12),(256,0,'2022-08-19 04:31:34.653000','2022-08-19 04:31:02.821000','ses_R5QkJdQPco','ses_R5QkJdQPco_1660786262821',34),(257,0,'2022-08-19 04:32:20.919000','2022-08-19 04:32:16.515000','ses_VkhZ86umeK','ses_VkhZ86umeK_1660786336515',34),(258,0,'2022-08-19 04:32:39.474000','2022-08-19 04:32:23.990000','ses_En16TPbCPM','ses_En16TPbCPM_1660786343990',34),(259,0,'2022-08-19 05:12:24.980000','2022-08-19 04:42:35.692000','ses_Vll8UHzsF9','ses_Vll8UHzsF9_1660786955692',12),(260,0,'2022-08-19 06:21:00.954000','2022-08-19 05:01:53.497000','ses_Pg4d1at0R2','ses_Pg4d1at0R2_1660788113497',12),(262,0,'2022-08-19 06:33:57.822000','2022-08-19 06:31:46.746000','ses_S0H6WRqJWd','ses_S0H6WRqJWd_1660793506746',12),(263,0,'2022-08-19 06:58:23.116000','2022-08-19 06:42:23.187000','ses_D6nA7gIVwn','ses_D6nA7gIVwn_1660794143187',12),(264,0,'2022-08-19 06:46:35.773000','2022-08-19 06:46:23.530000','ses_HYNAcXxEG6','ses_HYNAcXxEG6_1660794383530',36),(266,0,'2022-08-19 07:02:05.274000','2022-08-19 06:56:00.352000','ses_BTWdrfxSuQ','ses_BTWdrfxSuQ_1660794960352',36),(267,0,'2022-08-19 07:06:19.348000','2022-08-19 07:04:56.718000','ses_GDuOYHzrt7','ses_GDuOYHzrt7_1660795496718',36),(268,0,'2022-08-19 07:46:55.257000','2022-08-19 07:06:30.112000','ses_CFOAGRuUEZ','ses_CFOAGRuUEZ_1660795590112',36),(269,0,'2022-08-19 07:16:52.267000','2022-08-19 07:16:52.267000','ses_YCdeQV1dNh','ses_YCdeQV1dNh_1660796212267',12),(270,0,'2022-08-19 07:19:49.396000','2022-08-19 07:16:54.738000','ses_WRThZqXip0','ses_WRThZqXip0_1660796214738',33),(272,0,'2022-08-19 07:19:42.957000','2022-08-19 07:18:51.035000','ses_H6hItPdosZ','ses_H6hItPdosZ_1660796331035',7),(275,0,'2022-08-19 07:49:48.970000','2022-08-19 07:47:03.044000','ses_G91T0RCMju','ses_G91T0RCMju_1660798023044',36),(279,0,'2022-08-19 08:34:36.587000','2022-08-19 08:34:33.802000','ses_K1oUad4rS4','ses_K1oUad4rS4_1660800873802',12),(283,0,'2022-08-19 09:28:10.086000','2022-08-19 09:17:05.893000','ses_LDJgXBUe3m','ses_LDJgXBUe3m_1660803425893',36),(284,0,'2022-08-19 09:28:23.333000','2022-08-19 09:28:11.818000','ses_XCxCe2Poxy','ses_XCxCe2Poxy_1660804091818',36),(285,0,'2022-08-19 09:51:21.243000','2022-08-19 09:51:14.224000','ses_Sv6K27RePh','ses_Sv6K27RePh_1660805474224',33),(286,0,'2022-08-19 09:53:52.016000','2022-08-19 09:53:37.317000','ses_ExEeSDLWPJ','ses_ExEeSDLWPJ_1660805617317',33),(287,0,'2022-08-19 10:13:27.551000','2022-08-19 09:53:53.753000','ses_I8creO0LMr','ses_I8creO0LMr_1660805633753',33),(288,0,'2022-08-19 10:56:22.883000','2022-08-19 10:13:29.047000','ses_YbN4Yo4XT5','ses_YbN4Yo4XT5_1660806809047',33),(289,0,'2022-08-19 10:20:52.378000','2022-08-19 10:20:46.043000','ses_DX6oVOBtg8','ses_DX6oVOBtg8_1660807246043',36),(290,0,'2022-08-19 10:22:07.054000','2022-08-19 10:21:24.840000','ses_DxrIS2jPWD','ses_DxrIS2jPWD_1660807284840',36),(291,0,'2022-08-19 10:23:14.161000','2022-08-19 10:23:09.016000','ses_Opv2kNd36S','ses_Opv2kNd36S_1660807389016',36),(292,0,'2022-08-19 10:23:22.251000','2022-08-19 10:23:17.423000','ses_T9NMb9iJH6','ses_T9NMb9iJH6_1660807397423',36),(293,0,'2022-08-19 10:23:43.568000','2022-08-19 10:23:27.678000','ses_PK3uw9QX8Q','ses_PK3uw9QX8Q_1660807407678',36),(294,0,'2022-08-19 10:56:30.905000','2022-08-19 10:56:25.196000','ses_PeiTSmxh6C','ses_PeiTSmxh6C_1660809385196',33),(295,0,'2022-08-19 11:01:51.358000','2022-08-19 10:57:33.837000','ses_HWToOA1L3Y','ses_HWToOA1L3Y_1660809453837',34),(296,0,'2022-08-19 11:01:03.759000','2022-08-19 10:57:39.457000','ses_BKFTdlUkIz','ses_BKFTdlUkIz_1660809459457',33),(297,0,'2022-08-19 11:12:37.601000','2022-08-19 11:12:03.616000','ses_KsYuOpMcWP','ses_KsYuOpMcWP_1660810323616',33),(298,0,'2022-08-19 11:12:44.227000','2022-08-19 11:12:39.209000','ses_JAZciPAGbp','ses_JAZciPAGbp_1660810359209',33),(299,0,'2022-08-19 11:12:50.888000','2022-08-19 11:12:45.214000','ses_NL65vkz4PM','ses_NL65vkz4PM_1660810365214',33),(300,0,'2022-08-19 11:13:10.789000','2022-08-19 11:12:51.707000','ses_Ge7fUEm6JD','ses_Ge7fUEm6JD_1660810371707',33),(301,0,'2022-08-19 11:13:26.984000','2022-08-19 11:13:12.197000','ses_Xa4KNKvn4g','ses_Xa4KNKvn4g_1660810392197',33),(302,0,'2022-08-19 11:15:48.089000','2022-08-19 11:13:31.620000','ses_MaoN53f5tB','ses_MaoN53f5tB_1660810411620',33),(305,0,'2022-08-19 11:16:19.648000','2022-08-19 11:15:53.654000','ses_DF0MKxSeyB','ses_DF0MKxSeyB_1660810553654',33),(306,0,'2022-08-19 11:16:32.120000','2022-08-19 11:16:20.899000','ses_B9TD9K6cmU','ses_B9TD9K6cmU_1660810580899',33),(307,0,'2022-08-19 11:16:51.526000','2022-08-19 11:16:33.074000','ses_ENFOgSX6Oo','ses_ENFOgSX6Oo_1660810593074',33),(309,0,'2022-08-19 11:17:00.226000','2022-08-19 11:16:54.830000','ses_ILTsMeI98b','ses_ILTsMeI98b_1660810614830',33),(310,0,'2022-08-19 11:17:10.287000','2022-08-19 11:17:03.776000','ses_HUO7NJTfKy','ses_HUO7NJTfKy_1660810623776',33),(311,0,'2022-08-19 11:44:14.095000','2022-08-19 11:17:13.371000','ses_YnxYqIYtEs','ses_YnxYqIYtEs_1660810633371',33),(313,0,'2022-08-19 11:18:32.989000','2022-08-19 11:17:58.610000','ses_JmWJW2RdWT','ses_JmWJW2RdWT_1660810678610',7),(315,0,'2022-08-19 11:45:35.858000','2022-08-19 11:45:18.812000','ses_NI9LsnlHYr','ses_NI9LsnlHYr_1660812318812',33),(316,0,'2022-08-19 11:45:25.205000','2022-08-19 11:45:19.309000','ses_LVBSYsAafK','ses_LVBSYsAafK_1660812319309',12),(317,0,'2022-08-19 11:49:24.837000','2022-08-19 11:45:37.553000','ses_Gc7T1nrnnV','ses_Gc7T1nrnnV_1660812337553',33),(318,0,'2022-08-19 11:49:52.249000','2022-08-19 11:46:11.301000','ses_Wnsx7IbN71','ses_Wnsx7IbN71_1660812371301',12),(319,0,'2022-08-19 11:49:24.316000','2022-08-19 11:49:04.574000','ses_VH68R4iyfv','ses_VH68R4iyfv_1660812544574',37),(320,0,'2022-08-19 11:49:46.220000','2022-08-19 11:49:28.793000','ses_BtHeEJi2km','ses_BtHeEJi2km_1660812568793',33),(322,0,'2022-08-19 11:50:16.385000','2022-08-19 11:50:09.318000','ses_UyBjd2ghSp','ses_UyBjd2ghSp_1660812609318',12),(323,0,'2022-08-19 12:27:59.740000','2022-08-19 12:27:51.632000','ses_TIMYAGVuDt','ses_TIMYAGVuDt_1660814871632',12),(324,0,'2022-08-19 12:30:24.163000','2022-08-19 12:30:13.330000','ses_FXq0yMdb4H','ses_FXq0yMdb4H_1660815013330',12),(325,0,'2022-08-19 12:31:01.634000','2022-08-19 12:30:39.071000','ses_LiKfGHPk5V','ses_LiKfGHPk5V_1660815039071',33),(326,0,'2022-08-19 12:57:25.628000','2022-08-19 12:54:53.525000','ses_LaTfX6eZSf','ses_LaTfX6eZSf_1660816493525',33),(327,0,'2022-08-19 13:59:54.591000','2022-08-19 13:41:28.446000','ses_OIiT6YE0x7','ses_OIiT6YE0x7_1660819288446',12),(335,0,'2022-08-19 18:05:58.157000','2022-08-19 18:05:52.545000','ses_W0WqK8zSlW','ses_W0WqK8zSlW_1660835152545',12),(336,0,'2022-08-19 18:06:18.429000','2022-08-19 18:06:01.012000','ses_HaljZccQ6O','ses_HaljZccQ6O_1660835161012',12),(337,0,'2022-08-19 18:06:35.653000','2022-08-19 18:06:22.386000','ses_I2W3BwyaBu','ses_I2W3BwyaBu_1660835182386',12),(340,0,'2022-08-20 00:28:49.092000','2022-08-19 18:07:13.462000','ses_KdGqU4VB4G','ses_KdGqU4VB4G_1660835233462',12),(341,0,'2022-08-19 18:08:05.644000','2022-08-19 18:07:47.968000','ses_XLW5tvhiVd','ses_XLW5tvhiVd_1660835267968',33),(342,0,'2022-08-19 18:14:23.006000','2022-08-19 18:08:08.226000','ses_GHJvu7fS4W','ses_GHJvu7fS4W_1660835288226',33),(344,0,'2022-08-19 18:18:07.130000','2022-08-19 18:17:46.312000','ses_TCyANA8UBd','ses_TCyANA8UBd_1660835866312',33),(346,0,'2022-08-19 18:19:10.780000','2022-08-19 18:18:13.081000','ses_Ju3vMDQ8Mz','ses_Ju3vMDQ8Mz_1660835893081',33),(347,0,'2022-08-19 19:19:10.969000','2022-08-19 18:20:14.872000','ses_Ndpu5d8BDP','ses_Ndpu5d8BDP_1660836014872',33),(348,0,'2022-08-19 19:06:31.098000','2022-08-19 18:41:42.439000','ses_EqKgz2oSnh','ses_EqKgz2oSnh_1660837302439',40),(349,0,'2022-08-19 19:05:21.732000','2022-08-19 18:57:19.351000','ses_SRbA0gbur5','ses_SRbA0gbur5_1660838239351',12),(351,0,'2022-08-19 19:53:20.998000','2022-08-19 19:53:01.268000','ses_ZZCKNbT6iS','ses_ZZCKNbT6iS_1660841581268',12),(352,0,'2022-08-19 19:58:00.424000','2022-08-19 19:53:33.022000','ses_IzTZEO38Iv','ses_IzTZEO38Iv_1660841613022',12);
/*!40000 ALTER TABLE `conferences` ENABLE KEYS */;
UNLOCK TABLES;

--
-- Table structure for table `drawing_img_path`
--

DROP TABLE IF EXISTS `drawing_img_path`;
/*!40101 SET @saved_cs_client     = @@character_set_client */;
/*!50503 SET character_set_client = utf8mb4 */;
CREATE TABLE `drawing_img_path` (
  `dipid` bigint NOT NULL AUTO_INCREMENT,
  `path` varchar(255) NOT NULL,
  `cid` bigint DEFAULT NULL,
  `uid` bigint DEFAULT NULL,
  PRIMARY KEY (`dipid`),
  UNIQUE KEY `UK_o25fxk0mf6pf1nukl5twhx3d3` (`path`),
  KEY `FKf5wcps99oynynwovr6wpn1s1e` (`cid`),
  KEY `FK43sfc4th8ydujbxmgvcg3cjj6` (`uid`),
  CONSTRAINT `FK43sfc4th8ydujbxmgvcg3cjj6` FOREIGN KEY (`uid`) REFERENCES `users` (`uid`),
  CONSTRAINT `FKf5wcps99oynynwovr6wpn1s1e` FOREIGN KEY (`cid`) REFERENCES `conferences` (`cid`)
) ENGINE=InnoDB AUTO_INCREMENT=31 DEFAULT CHARSET=utf8mb4 COLLATE=utf8mb4_0900_ai_ci;
/*!40101 SET character_set_client = @saved_cs_client */;

--
-- Dumping data for table `drawing_img_path`
--

LOCK TABLES `drawing_img_path` WRITE;
/*!40000 ALTER TABLE `drawing_img_path` DISABLE KEYS */;
INSERT INTO `drawing_img_path` VALUES (1,'https://ssafywebimage.s3.ap-northeast-2.amazonaws.com/drawing/3/c66221cf-5f6e-43de-9c44-91ffe5e7e12a.png',19,1),(2,'https://ssafywebimage.s3.ap-northeast-2.amazonaws.com/drawing/3/e73fa10a-05e3-4827-8293-6389c2273f4a.png',20,1),(3,'https://ssafywebimage.s3.ap-northeast-2.amazonaws.com/drawing/3/dc990e6a-68a4-43f2-beb5-6f1de24a60ed.png',23,1),(4,'https://ssafywebimage.s3.ap-northeast-2.amazonaws.com/drawing/3/9bce9ee2-06e2-494c-94ec-6fe93ecff636.png',30,1),(15,'https://ssafywebimage.s3.ap-northeast-2.amazonaws.com/drawing/20/5cc46bc5-0ee9-489e-be4d-7bdf7fb4cff3.png',95,35),(22,'https://ssafywebimage.s3.ap-northeast-2.amazonaws.com/drawing/36/617c3e84-1ca4-4d85-835d-641bf14f4573.png',284,2),(23,'https://ssafywebimage.s3.ap-northeast-2.amazonaws.com/drawing/36/27192883-18b6-4346-999a-86cd721975e7.png',293,2),(24,'https://ssafywebimage.s3.ap-northeast-2.amazonaws.com/drawing/37/664f78d9-48b6-4a44-bc5f-91991e2bac5a.png',319,6),(29,'https://ssafywebimage.s3.ap-northeast-2.amazonaws.com/drawing/12/6c44ee7e-e5d6-4f99-862d-a6d35c691f4d.png',352,2),(30,'https://ssafywebimage.s3.ap-northeast-2.amazonaws.com/drawing/12/4037db4a-48b1-4cb6-a250-ed150526ab8c.png',352,46);
/*!40000 ALTER TABLE `drawing_img_path` ENABLE KEYS */;
UNLOCK TABLES;

--
-- Table structure for table `profile_image_path`
--

DROP TABLE IF EXISTS `profile_image_path`;
/*!40101 SET @saved_cs_client     = @@character_set_client */;
/*!50503 SET character_set_client = utf8mb4 */;
CREATE TABLE `profile_image_path` (
  `pipid` bigint NOT NULL AUTO_INCREMENT,
  `path` varchar(255) DEFAULT NULL,
  PRIMARY KEY (`pipid`),
  UNIQUE KEY `UK_f2vloblg73q8upjy8hvmiddv7` (`path`)
) ENGINE=InnoDB AUTO_INCREMENT=54 DEFAULT CHARSET=utf8mb4 COLLATE=utf8mb4_0900_ai_ci;
/*!40101 SET character_set_client = @saved_cs_client */;

--
-- Dumping data for table `profile_image_path`
--

LOCK TABLES `profile_image_path` WRITE;
/*!40000 ALTER TABLE `profile_image_path` DISABLE KEYS */;
INSERT INTO `profile_image_path` VALUES (5,NULL),(6,NULL),(7,NULL),(8,NULL),(9,NULL),(12,NULL),(13,NULL),(15,NULL),(20,NULL),(26,NULL),(31,NULL),(35,NULL),(40,NULL),(46,NULL),(53,NULL),(1,'https://ssafywebimage.s3.ap-northeast-2.amazonaws.com/profile/1/fcfdcf9f-5a07-4cf1-a6f7-0d5ffe54baf4.png'),(16,'https://ssafywebimage.s3.ap-northeast-2.amazonaws.com/profile/16/a7c9bee3-cebe-4bc5-8789-2d4495a3bb29.png'),(2,'https://ssafywebimage.s3.ap-northeast-2.amazonaws.com/profile/2/96c8d5cb-677d-43d4-9556-c4a8e97a8de9.jpg'),(4,'https://ssafywebimage.s3.ap-northeast-2.amazonaws.com/profile/4/ff00159b-5dd7-4936-8b65-cd7098332b22.png'),(47,'https://ssafywebimage.s3.ap-northeast-2.amazonaws.com/profile/47/1dd1ad86-55b2-4181-bee0-f2bdf51e6475.jpg');
/*!40000 ALTER TABLE `profile_image_path` ENABLE KEYS */;
UNLOCK TABLES;

--
-- Table structure for table `projects`
--

DROP TABLE IF EXISTS `projects`;
/*!40101 SET @saved_cs_client     = @@character_set_client */;
/*!50503 SET character_set_client = utf8mb4 */;
CREATE TABLE `projects` (
  `pid` bigint NOT NULL AUTO_INCREMENT,
  `activation` tinyint(1) NOT NULL DEFAULT '1',
  `custom_session_name` varchar(255) DEFAULT NULL,
  `owner_id` bigint NOT NULL,
  `pjt_desc` varchar(255) DEFAULT NULL,
  `pjt_end_date` datetime(6) DEFAULT NULL,
  `pjt_name` varchar(255) NOT NULL,
  `pjt_start_date` datetime(6) NOT NULL,
  `total_meet_time` bigint NOT NULL,
  PRIMARY KEY (`pid`)
) ENGINE=InnoDB AUTO_INCREMENT=43 DEFAULT CHARSET=utf8mb4 COLLATE=utf8mb4_0900_ai_ci;
/*!40101 SET character_set_client = @saved_cs_client */;

--
-- Dumping data for table `projects`
--

LOCK TABLES `projects` WRITE;
/*!40000 ALTER TABLE `projects` DISABLE KEYS */;
INSERT INTO `projects` VALUES (1,0,'cmVyZXJlcjIwMjItMDgtMTNUMjE6MTA6NTAuODg2',1,'pjt-detail','2022-08-15 01:24:53.682000','rererer','2022-08-14 06:10:50.886000',968),(3,0,'ZGxhZG5kcmJzMjAyMi0wOC0xNFQwMDo0ODoyNS4xOTQ=',1,'pjt-detail','2022-08-15 10:06:41.345000','dladndrbs','2022-08-14 09:48:25.194000',2223),(4,0,'MjAyMi0wOC0xNFQyMTo0ODo0OC41Nzg=',1,'pjt-detail','2022-08-18 07:25:47.089000','','2022-08-15 06:48:48.578000',1412),(5,0,'MjAyMi0wOC0xNVQwMTowNjo1Mi43NTQ=',1,'pjt-detail','2022-08-15 10:22:11.401000','프로젝트으으','2022-08-15 10:06:52.754000',0),(6,1,'dGVzdF9wanQyMDIyLTA4LTE1VDAxOjI0OjQxLjMzMA==',6,NULL,NULL,'test_pjt','2022-08-15 10:24:41.330000',4615),(7,1,'cGp0MjAyMi0wOC0xNVQxNDowODozMy41MTY=',12,NULL,NULL,'pjt','2022-08-15 23:08:33.516000',5607),(8,0,'MjAyMi0wOC0xNVQxNTo1OTo0Mi45MTg=',13,'pjt-detail','2022-08-16 00:59:56.085000','','2022-08-16 00:59:42.918000',0),(9,0,'cXdlcjIwMjItMDgtMTVUMTg6MjU6NTAuMjEw',2,'pjt-detail','2022-08-18 07:41:26.155000','qwer','2022-08-16 03:25:50.210000',0),(10,0,'cmxhZW9kbmpzMjAyMi0wOC0xNVQxODoyODo1MC41OTA=',15,'pjt-detail','2022-08-16 03:29:00.120000','rlaeodnjs','2022-08-16 03:28:50.590000',0),(12,1,'Pz8/Pz8yMDIyLTA4LTE1VDIxOjUyOjA2LjE3MA==',6,'webRTC 기반 웹기술 프로젝트',NULL,'DEMEET','2022-08-16 06:52:06.170000',78208),(13,1,'Pz8/PyA/Pz8yMDIyLTA4LTE1VDIyOjU5OjUwLjQ5Ng==',16,'안녕하세요 프로젝트 테스트입니다.',NULL,'프로젝트 테스트 이름 변경','2022-08-16 07:59:50.496000',0),(20,1,'ZmFzZjIwMjItMDgtMTZUMTE6MTQ6NDUuNTI1',35,NULL,NULL,'fasf','2022-08-16 20:14:45.525000',31),(21,0,'Q2hhcmxlczIwMjItMDgtMTZUMTQ6NDA6MjIuNDY5',4,'For you','2022-08-18 18:45:25.769000','Charles','2022-08-16 23:40:22.469000',4145),(22,0,'MTIwMjItMDgtMTZUMTY6MjI6NDIuODMx',2,'pjt-detail','2022-08-17 01:22:57.478000','1','2022-08-17 01:22:42.831000',0),(23,0,'MjIwMjItMDgtMTZUMTY6MjI6NDQuODE1',2,'pjt-detail','2022-08-17 01:22:56.039000','2','2022-08-17 01:22:44.815000',0),(24,0,'MzIwMjItMDgtMTZUMTY6MjI6NDYuNzE5',2,'pjt-detail','2022-08-17 01:22:54.349000','3','2022-08-17 01:22:46.719000',0),(26,1,'Pz8/Pz8/Py4yMDIyLTA4LTE3VDAwOjQ5OjE5LjY2Ng==',40,NULL,NULL,'생일축하합니다.','2022-08-17 09:49:19.666000',27),(28,0,'REVNRUVUVDIwMjItMDgtMTdUMTQ6MjI6NTAuNDY2',1,'pjt-detail','2022-08-18 00:48:55.440000','DEMEETT','2022-08-17 23:22:50.466000',88),(29,0,'Pz8yMDIyLTA4LTE3VDE5OjQ2OjAzLjQ4NQ==',4,'pjt-detail','2022-08-18 04:46:44.091000','로그','2022-08-18 04:46:03.485000',0),(30,0,'Pz8yMDIyLTA4LTE3VDE5OjQ4OjI3Ljg4MA==',47,'pjt-detail','2022-08-18 18:45:50.453000','정건','2022-08-18 04:48:27.880000',7466),(31,0,'MTIwMjItMDgtMTdUMjI6MjU6NTQuMDk0',1,'pjt-detail','2022-08-18 18:44:50.873000','1','2022-08-18 07:25:54.094000',77),(33,1,'Y3NzIHRlc3QyMDIyLTA4LTE3VDIzOjEwOjM1LjE3OQ==',20,NULL,NULL,'css test','2022-08-18 08:10:35.179000',24242),(34,1,'cGp0MjAyMi0wOC0xOFQwOToyMTo0Ny4xNjk=',53,NULL,NULL,'pjt','2022-08-18 18:21:47.169000',1654),(35,1,'cXdlcjIwMjItMDgtMThUMTA6NDQ6NDIuOTQx',2,NULL,NULL,'qwer','2022-08-18 19:44:42.941000',0),(36,0,'Pz8/Pz8yMDIyLTA4LTE4VDEwOjQ0OjQ5LjczOA==',2,'http For generating proto messages and the service client stub classes with protoc and the protoc-gen-grpc-web.\n\nHow to install protoc-gen-grpc-web: https://github.com/grpc/grpc-web#code-generator-plu','2022-08-19 08:17:30.009000','?????','2022-08-18 19:44:49.738000',3795),(37,0,'Y2hvaV9wanQyMDIyLTA4LTE4VDE3OjQ4OjU2Ljc0OA==',6,'pjt-detail','2022-08-19 02:49:40.361000','choi_pjt','2022-08-19 02:48:56.748000',19),(39,1,'YXNkYXNkc2FkMjAyMi0wOC0xOVQwMDoxNDo0Mi4zMDk=',20,NULL,NULL,'asdasdsad','2022-08-19 09:14:42.309000',0),(40,1,'dGVzdDIwMjItMDgtMTlUMDA6MTU6MDQuNDAw',20,NULL,NULL,'test','2022-08-19 09:15:04.400000',1488),(41,1,'Pz8/ID8/Pz8yMDIyLTA4LTE5VDAxOjEzOjMwLjAyMw==',46,NULL,NULL,'테스트 프로젝트','2022-08-19 10:13:30.023000',0),(42,1,'Pz8/MjAyMi0wOC0xOVQwMTo1ODoxOC40MzQ=',6,NULL,NULL,'ㄴㅇㄹ','2022-08-19 10:58:18.434000',0);
/*!40000 ALTER TABLE `projects` ENABLE KEYS */;
UNLOCK TABLES;

--
-- Table structure for table `user_conference`
--

DROP TABLE IF EXISTS `user_conference`;
/*!40101 SET @saved_cs_client     = @@character_set_client */;
/*!50503 SET character_set_client = utf8mb4 */;
CREATE TABLE `user_conference` (
  `ucid` bigint NOT NULL AUTO_INCREMENT,
  `cid` bigint DEFAULT NULL,
  `uid` bigint DEFAULT NULL,
  PRIMARY KEY (`ucid`),
  KEY `FKirhov35puf31wdgu69vdftiy5` (`cid`),
  KEY `FKdj6ainejbu74gwg3uwfq8aqi` (`uid`),
  CONSTRAINT `FKdj6ainejbu74gwg3uwfq8aqi` FOREIGN KEY (`uid`) REFERENCES `users` (`uid`),
  CONSTRAINT `FKirhov35puf31wdgu69vdftiy5` FOREIGN KEY (`cid`) REFERENCES `conferences` (`cid`)
) ENGINE=InnoDB DEFAULT CHARSET=utf8mb4 COLLATE=utf8mb4_0900_ai_ci;
/*!40101 SET character_set_client = @saved_cs_client */;

--
-- Dumping data for table `user_conference`
--

LOCK TABLES `user_conference` WRITE;
/*!40000 ALTER TABLE `user_conference` DISABLE KEYS */;
/*!40000 ALTER TABLE `user_conference` ENABLE KEYS */;
UNLOCK TABLES;

--
-- Table structure for table `user_project`
--

DROP TABLE IF EXISTS `user_project`;
/*!40101 SET @saved_cs_client     = @@character_set_client */;
/*!50503 SET character_set_client = utf8mb4 */;
CREATE TABLE `user_project` (
  `upid` bigint NOT NULL AUTO_INCREMENT,
  `pid` bigint DEFAULT NULL,
  `uid` bigint DEFAULT NULL,
  PRIMARY KEY (`upid`),
  KEY `FKioqr061pe71ku51a6yp6nr86y` (`pid`),
  KEY `FKjk7r07ad2xew9s56vi6kvgxh5` (`uid`),
  CONSTRAINT `FKioqr061pe71ku51a6yp6nr86y` FOREIGN KEY (`pid`) REFERENCES `projects` (`pid`),
  CONSTRAINT `FKjk7r07ad2xew9s56vi6kvgxh5` FOREIGN KEY (`uid`) REFERENCES `users` (`uid`)
) ENGINE=InnoDB AUTO_INCREMENT=104 DEFAULT CHARSET=utf8mb4 COLLATE=utf8mb4_0900_ai_ci;
/*!40101 SET character_set_client = @saved_cs_client */;

--
-- Dumping data for table `user_project`
--

LOCK TABLES `user_project` WRITE;
/*!40000 ALTER TABLE `user_project` DISABLE KEYS */;
INSERT INTO `user_project` VALUES (1,1,1),(5,3,1),(6,4,1),(7,4,5),(11,5,1),(12,5,2),(13,5,6),(14,6,6),(17,6,2),(18,7,12),(19,7,6),(20,7,8),(21,7,2),(22,8,13),(23,9,2),(24,4,15),(25,10,15),(26,10,2),(29,12,6),(30,12,2),(31,12,1),(32,12,16),(33,12,20),(35,13,16),(36,12,7),(43,20,35),(45,21,4),(46,22,2),(47,23,2),(48,24,2),(50,26,40),(52,26,16),(60,28,1),(64,29,4),(66,30,47),(69,12,46),(72,31,1),(75,33,20),(76,34,53),(77,34,46),(78,34,2),(79,35,2),(80,35,31),(81,36,2),(84,37,6),(85,37,8),(86,37,9),(92,39,20),(93,40,20),(97,41,46),(98,41,20),(99,41,16),(100,41,2),(101,42,6),(102,42,8),(103,42,9);
/*!40000 ALTER TABLE `user_project` ENABLE KEYS */;
UNLOCK TABLES;

--
-- Table structure for table `users`
--

DROP TABLE IF EXISTS `users`;
/*!40101 SET @saved_cs_client     = @@character_set_client */;
/*!50503 SET character_set_client = utf8mb4 */;
CREATE TABLE `users` (
  `uid` bigint NOT NULL AUTO_INCREMENT,
  `email` varchar(30) NOT NULL,
  `nickname` varchar(15) NOT NULL,
  `password` varchar(100) NOT NULL,
  `reg_date` datetime(6) NOT NULL,
  `profile_image_path_pipid` bigint DEFAULT NULL,
  PRIMARY KEY (`uid`),
  UNIQUE KEY `UK_6dotkott2kjsp8vw4d0m25fb7` (`email`),
  KEY `FKa89kkxy3ky6771gxnkwulu3x0` (`profile_image_path_pipid`),
  CONSTRAINT `FKa89kkxy3ky6771gxnkwulu3x0` FOREIGN KEY (`profile_image_path_pipid`) REFERENCES `profile_image_path` (`pipid`)
) ENGINE=InnoDB AUTO_INCREMENT=54 DEFAULT CHARSET=utf8mb4 COLLATE=utf8mb4_0900_ai_ci;
/*!40101 SET character_set_client = @saved_cs_client */;

--
-- Dumping data for table `users`
--

LOCK TABLES `users` WRITE;
/*!40000 ALTER TABLE `users` DISABLE KEYS */;
INSERT INTO `users` VALUES (1,'scvscv22@hanmail.net','이정건','$2a$10$gmR0fwOguu8gUE6GuLtDPOWkz0Pfq/CxbsdYGyPOj8mAkUj73J5g6','2022-08-14 06:10:43.281000',1),(2,'jangjr98@naver.com','장종훈','$2a$10$6bl2PSOP3eYz9ilY7LNXQuj7js3AjXbAdVKWuIWFvZ5hpTj1Y3vGS','2022-08-14 09:28:21.748000',2),(4,'gmdgdr@gmail.com','DW','$2a$10$5.5eh7NebsomAht7hYbdCuibZJMUPMpGTWQo61YPPc8M2c3QD2Atm','2022-08-15 03:18:37.721000',4),(5,'yumtom@xn--ru4b79d.xn--9i1b3b','염탐','$2a$10$nSM5gCOtRRZ2JWUnVA9HgO5msXUBg51V5nhTBjEcda/.8oCBY2GyG','2022-08-15 05:14:21.639000',5),(6,'choi@choi.com','choimg','$2a$10$Ej4SHcda5d7pUEsWRpUmDOZ5XSiLS36SE7XFLRcn4g6Sh9w.MWPlq','2022-08-15 06:51:02.563000',6),(7,'demeethelp@gmail.com','DEMEET_HELP','$2a$10$wOUYc3pV8F5VTXkctgrqBO0G/m8FyTzb8DhAMjbIT05VkqYCZ/krq','2022-08-15 18:40:20.664000',7),(8,'pc5401@naver.com','mychoi','$2a$10$sgIEG6BKNfX5yOMxtxQynOXc0/djeHCr4PywlWKbXrKCjPbkENovu','2022-08-15 23:05:59.303000',8),(9,'audrnjs103@gmail.com','mychoi','$2a$10$WzenpvMR24jbd40zKIqO8e47Pnoh0qFU576MGXYpkxL70T8lmC6FG','2022-08-15 23:05:59.929000',9),(12,'mychoi5401@gmail.com','choichoi','$2a$10$6XvhDt1KzodcDEQN0FYRTuYB3ByeBikVO1ZnteLWtbj.U/F7pGbkW','2022-08-15 23:07:38.594000',12),(13,'codemj11@gmail.com','ㅁㅈ','$2a$10$MzZSiZl.Kkjl4JOZB6Sbx.5M9pXzmb3k3KdnvApsEoNb2eZ8s4nfu','2022-08-16 00:59:21.427000',13),(15,'jangjh98@gmail.com','ssafy','$2a$10$aeAzjZQji40lHG9oqNtL..oMr4qmHJ3zTmXJhP5l9EqL/1HPTJ6WS','2022-08-16 03:27:43.923000',15),(16,'noin1996@naver.com','김대원','$2a$10$gKu/fSJxUCWPKIhVou/fJOtIe7ACdetI6C7SCWm6xHJqoFYnXqv.i','2022-08-16 06:50:59.518000',16),(20,'sgc5531@gmail.com','조성규','$2a$10$dcArGLYteuCLu0Hz7y8WbODQjcyZmcAQicJyjGumHJp/shC5iG41C','2022-08-16 07:00:42.802000',20),(26,'duaxka@naver.com','황수환입니다','$2a$10$KpHfGK9SFf2.lFmF0pXr9.pbsB8jPKSzc..S/Px3x.djuBxcUGPwC','2022-08-16 10:02:36.574000',26),(31,'qwe@naver.com','johnsina','$2a$10$vX.kj3NUakxRUDzx41OjHOZ8JT4xGpw89NHb9ET7Aco/7Xr9zMfzK','2022-08-16 19:54:21.498000',31),(35,'nick@naver.com','nick','$2a$10$QKmoie/Les7WTEDzeoN5oey9lkU1Ku2AemkV11w6SVwFpVJxXtare','2022-08-16 20:14:13.034000',35),(40,'happybirthday@naver.com','여기조장이생일이라매','$2a$10$cBx8hxoFY4VgusMnLGugYemkR1VrvjbJmCbkas8EYWan8aZTcJQTi','2022-08-17 09:48:48.524000',40),(46,'dladndrbs@naver.com','dladndrbs','$2a$10$hUQLJIftDLEvhyPWbLsPK.Bjiw.8rQQH9jjMLcrvPlJObVjMeE.z.','2022-08-17 19:35:41.752000',46),(47,'scvscv22@naver.com','정건','$2a$10$jLIw2mVzPdMWIxqP1557Vu.rAcaB.98Ktm6hyHEvzfhlQN5BpzFMG','2022-08-18 04:48:02.797000',47),(53,'pokegno@gmail.com','ssafy','$2a$10$ETYoBLT2cDQLIsuhymhnh.p5apoMtG2JVKaRqhIb7YezMQwtp5qqa','2022-08-18 18:21:23.455000',53);
/*!40000 ALTER TABLE `users` ENABLE KEYS */;
UNLOCK TABLES;
/*!40103 SET TIME_ZONE=@OLD_TIME_ZONE */;

/*!40101 SET SQL_MODE=@OLD_SQL_MODE */;
/*!40014 SET FOREIGN_KEY_CHECKS=@OLD_FOREIGN_KEY_CHECKS */;
/*!40014 SET UNIQUE_CHECKS=@OLD_UNIQUE_CHECKS */;
/*!40101 SET CHARACTER_SET_CLIENT=@OLD_CHARACTER_SET_CLIENT */;
/*!40101 SET CHARACTER_SET_RESULTS=@OLD_CHARACTER_SET_RESULTS */;
/*!40101 SET COLLATION_CONNECTION=@OLD_COLLATION_CONNECTION */;
/*!40111 SET SQL_NOTES=@OLD_SQL_NOTES */;

-- Dump completed on 2022-08-19  0:29:03
